Source,Mean,N,SD
Nikkei,237.948717949,39,110.924309772
Sankei,246.675,40,112.34397792
Mainichi,440.904761905,21,395.155533545
Asahi,447.806451613,31,382.506455299

